params,mean_test_accuracy,std_test_accuracy,rank_test_accuracy,mean_train_accuracy,mean_test_balanced_accuracy,std_test_balanced_accuracy,rank_test_balanced_accuracy,mean_train_balanced_accuracy,mean_test_precision,std_test_precision,rank_test_precision,mean_train_precision,mean_test_recall,std_test_recall,rank_test_recall,mean_train_recall,mean_test_f1,std_test_f1,rank_test_f1,mean_train_f1,mean_test_precision_macro,std_test_precision_macro,rank_test_precision_macro,mean_train_precision_macro,mean_test_recall_macro,std_test_recall_macro,rank_test_recall_macro,mean_train_recall_macro,mean_test_f1_macro,std_test_f1_macro,rank_test_f1_macro,mean_train_f1_macro,mean_test_roc_auc,std_test_roc_auc,rank_test_roc_auc,mean_train_roc_auc
"{'model__n_estimators': 200, 'model__max_depth': 5, 'model__learning_rate': 0.2}",0.8144238026567423,0.007763983458642321,2,0.8753095067725539,0.8275126496021888,0.0073261057523297075,1,0.8914494419035665,0.9147128532166509,0.0052222994869314246,17,0.9695163220819101,0.7742919207196095,0.009782089751974605,4,0.8258215434965368,0.8386438240278379,0.007303639690588141,2,0.8919094511641216,0.808666117766305,0.0071313239009874905,1,0.8691773027335188,0.8275126496021888,0.0073261057523297075,1,0.8914494419035665,0.8101387922384881,0.007722717177927581,1,0.872295561320847,0.8991056588777007,0.004536234480831935,4,0.9404139410888398
"{'model__n_estimators': 300, 'model__max_depth': 5, 'model__learning_rate': 0.2}",0.8146448459812341,0.007041343600240656,1,0.8858772530297347,0.8262776962059799,0.006644015175325769,7,0.9008803660724334,0.9105439269050686,0.004388261642436923,19,0.9732793112449197,0.7789762702521168,0.008565286451431248,1,0.8398750909822837,0.8396250790526928,0.006569248484220483,1,0.9016608571704658,0.8079062163387167,0.006524087199315611,3,0.87879222061543,0.8262776962059799,0.006644015175325769,7,0.9008803660724334,0.810031479157516,0.007011735918027346,2,0.8828577359827203,0.8982291718097727,0.004329083962488272,7,0.9476922526549645
"{'model__n_estimators': 300, 'model__max_depth': 7, 'model__learning_rate': 0.1}",0.8139815596207066,0.006227609511795551,3,0.8843296864790959,0.826903039818621,0.0056230322091646665,4,0.9001591405584582,0.9138902315504893,0.004043871103778108,18,0.9749620156158658,0.7743628174575281,0.008957240477577507,3,0.835793889730889,0.8383360997298398,0.006024098432040262,3,0.900025048243195,0.8081329122869787,0.005553930454418462,2,0.8777175945517115,0.826903039818621,0.0056230322091646665,4,0.9001591405584582,0.8096532053508259,0.006126067702381312,3,0.8814056850563926,0.8993214335704784,0.004836739494982987,2,0.9469473903122371
"{'model__n_estimators': 200, 'model__max_depth': 7, 'model__learning_rate': 0.1}",0.8115053856768618,0.006740209661148964,5,0.8739830226415493,0.8264893070183362,0.005524711499458342,6,0.8911661186301852,0.918264067375644,0.00243466453840471,15,0.9720928603689616,0.7655614938501992,0.010806318959162809,6,0.8212967006969846,0.8349515524561323,0.006831045931900534,5,0.89035071739957,0.8072687530545644,0.005516209795005848,6,0.8685376240995527,0.8264893070183362,0.005524711499458342,6,0.8911661186301852,0.8076106728074672,0.006518499125519466,4,0.8711100851343669,0.8995427135408394,0.004645735205800604,1,0.9403868669374627
"{'model__n_estimators': 200, 'model__max_depth': 7, 'model__learning_rate': 0.2}",0.8119476287128974,0.0060320269940023164,4,0.8917138395392691,0.823163753040659,0.005029719771418954,13,0.9067397264544766,0.9073344918073076,0.003524641830653392,20,0.9775006621074931,0.7775568742248031,0.010102369920830375,2,0.8456420265327292,0.8374096460194174,0.006055048986032335,4,0.9067993780757673,0.8050887902626341,0.005173728874084233,13,0.88447831096051,0.823163753040659,0.005029719771418954,13,0.9067397264544766,0.8072058076765046,0.005828511965567454,5,0.8887997889106909,0.8964844775631585,0.004499127265580523,12,0.9528694929035273
"{'model__n_estimators': 200, 'model__max_depth': 5, 'model__learning_rate': 0.1}",0.8103557160347359,0.005219081278309733,7,0.8518858352879152,0.8274189680395496,0.0044572416222629545,2,0.8707222507041287,0.9238824703790336,0.003147492565946238,13,0.9614132766834729,0.7580383018744806,0.008313975069153871,8,0.7941301668633503,0.8327581773377661,0.005311403681244507,7,0.8697897233237093,0.8078094938559724,0.004268145762979601,4,0.8486170473033724,0.8274189680395496,0.0044572416222629545,2,0.8707222507041287,0.8068823552171456,0.005076163695194502,6,0.849028579933664,0.8991619324846811,0.004449429626855563,3,0.9274641515370334
"{'model__n_estimators': 100, 'model__max_depth': 7, 'model__learning_rate': 0.2}",0.8104441822354864,0.005450931293447533,6,0.8767907719370521,0.8245497544123565,0.004093191118275658,11,0.893992622621927,0.9148017426380657,0.003002714882945694,16,0.9742011059055399,0.7671942099485709,0.010410187953305927,5,0.8240471363005444,0.8344737146496675,0.0057930689249625885,6,0.8928522431836153,0.805617870383338,0.00419442048871843,11,0.8712471329690754,0.8245497544123565,0.004093191118275658,11,0.893992622621927,0.8063468985751602,0.005169228587612795,7,0.8739579714906576,0.897282404051829,0.004219033227425325,9,0.9417431459705441
"{'model__n_estimators': 100, 'model__max_depth': 5, 'model__learning_rate': 0.2}",0.8094271190396741,0.004343124305403447,8,0.8553236637360861,0.8261646152896415,0.00433678591728167,8,0.8739155382563064,0.9221657216730705,0.005246531432678263,14,0.9631514190655984,0.7581090726409387,0.006760836905800845,7,0.7983178486350753,0.8321011942860801,0.004214941940053778,8,0.8730141107545031,0.8066603447649079,0.004077676920944945,8,0.8516907744263698,0.8261646152896415,0.00433678591728167,8,0.8739155382563064,0.8058782630802217,0.004321130666534904,8,0.8524582819025006,0.8979885404229222,0.003988600671132314,8,0.9282553564267643
"{'model__n_estimators': 300, 'model__max_depth': 3, 'model__learning_rate': 0.1}",0.808587105535652,0.006369675791743256,9,0.8340997545061573,0.8267633549203308,0.005647290475188401,5,0.8533218344408011,0.9260440162241903,0.0034814999885083605,12,0.9492330991899556,0.7528570705135328,0.009056500163029908,9,0.7751614445559205,0.830494626235262,0.00634305462891577,9,0.8534027633189364,0.8070872260778618,0.005353141441169151,7,0.8320672784381762,0.8267633549203308,0.005647290475188401,5,0.8533218344408011,0.8053280056642915,0.00624841550446547,9,0.8311702350740591,0.8988007795238099,0.0038788405261976568,5,0.9161201999175679
"{'model__n_estimators': 100, 'model__max_depth': 7, 'model__learning_rate': 0.1}",0.8083659449208712,0.005630962796999638,10,0.8532897047422671,0.8271410124931691,0.004682455734248021,3,0.8738398093188995,0.9278120646289197,0.002469199658444219,11,0.9684101123992803,0.7507981677703027,0.008945538413920059,10,0.7902796461194525,0.8299446576810755,0.005794428661355495,10,0.8703199414885188,0.807417623914446,0.0044472882118070595,5,0.8513343236291145,0.8271410124931691,0.004682455734248021,3,0.8738398093188995,0.805221224463158,0.005460094564822912,10,0.8507141613507573,0.8985186733749654,0.004456557578499175,6,0.9288404915630142
"{'model__n_estimators': 100, 'model__max_depth': 3, 'model__learning_rate': 0.2}",0.8046074655660146,0.004559433385463652,11,0.8251459238428364,0.8251666540743916,0.004101153007884976,10,0.8466851989645221,0.9307278755209886,0.004483839598322207,10,0.9502215650737854,0.7415716149012145,0.007672181383657193,11,0.759102881780994,0.8254209026871264,0.004731916129515622,11,0.8439639880156096,0.805560251160987,0.0037991048809166944,12,0.8257452150576252,0.8251666540743916,0.004101153007884976,10,0.8466851989645221,0.8017807036978641,0.00445508792087593,11,0.8225614064274056,0.8965170315181586,0.00351909565773938,11,0.9106598330715865
"{'model__n_estimators': 100, 'model__max_depth': 5, 'model__learning_rate': 0.1}",0.8040327822449088,0.00510270538288839,12,0.8310046018532568,0.8256308423987871,0.004896316501731849,9,0.8540090254318737,0.9337059564206378,0.003843347768499301,9,0.9599410567966311,0.7378096284018276,0.00616471312397583,12,0.7604691509056921,0.8242698801798518,0.004945153050900252,12,0.8486326209408925,0.8060211596583997,0.004553259249631349,10,0.8326668181643629,0.8256308423987871,0.004896316501731849,9,0.8540090254318737,0.8013962858275889,0.005068695876496,12,0.8286788280987558,0.8972013442599783,0.0037403110600089445,10,0.9164724158395725
"{'model__n_estimators': 300, 'model__max_depth': 7, 'model__learning_rate': 0.01}",0.7959853391047974,0.006360706519019562,14,0.8134506733756105,0.8244033266465263,0.005634681651965868,12,0.8424432604507436,0.9512440093800032,0.00446866860145327,7,0.9679438821304819,0.7088504524768886,0.009478372923207721,14,0.7245547149618481,0.8123155614648206,0.006716822914890697,14,0.8287370488709875,0.8063928470820209,0.004971859558382169,9,0.823213603704386,0.8244033266465263,0.005634681651965868,12,0.8424432604507436,0.7944194073894041,0.006239145261181374,13,0.8119496268360216,0.8920386119945845,0.0034338706503527863,13,0.9077388265587848
"{'model__n_estimators': 100, 'model__max_depth': 3, 'model__learning_rate': 0.1}",0.7961620662482922,0.005925577821122744,13,0.8050384843757911,0.8223000313199934,0.004936791374082412,14,0.831247017837067,0.9430861859474223,0.0037226396389521406,8,0.9506459648029383,0.7160191355687221,0.009807549143303302,13,0.7246788976325496,0.8139722144354504,0.006428888754350943,13,0.8224103443815162,0.8037456397248179,0.0043051340513310075,15,0.8120166372044887,0.8223000313199934,0.004936791374082412,14,0.831247017837067,0.7942643838570672,0.005758373786947457,14,0.8031514169323504,0.8920284624037651,0.0033082809547636334,14,0.9001858947169714
"{'model__n_estimators': 300, 'model__max_depth': 5, 'model__learning_rate': 0.01}",0.7894411274098999,0.006190690397476824,15,0.7981407127610106,0.820424163937836,0.00510537168333364,15,0.8293682468576726,0.9553865872133235,0.003290037094609656,6,0.9637685619313905,0.694442164361011,0.010068962153230322,15,0.7023919989365801,0.8042348055475317,0.0068815538521356,15,0.8125657749929888,0.8037959699171319,0.00421994681686677,14,0.8121031382214451,0.820424163937836,0.00510537168333364,15,0.8293682468576726,0.7882204102220532,0.006036765090496127,15,0.796934767399032,0.8885126848282099,0.0032017231463376612,15,0.8970544809937927
"{'model__n_estimators': 200, 'model__max_depth': 5, 'model__learning_rate': 0.01}",0.7836045573532898,0.005973130848982795,16,0.7909555231251157,0.8163878233720304,0.004859130088335785,16,0.8241742891148114,0.9573252528971883,0.0020928688146364793,5,0.9654650717711002,0.6830859883708187,0.009596534508465943,16,0.6891015282630848,0.7972454204405465,0.006715805317639656,16,0.8041884786539942,0.8009952966255709,0.0038722911153532256,16,0.8083638063987436,0.8163878233720304,0.004859130088335785,16,0.8241742891148114,0.7826112369107487,0.005829364536920549,16,0.7899929674161583,0.8852900634537256,0.0037329932510215004,16,0.8918165079513564
"{'model__n_estimators': 100, 'model__max_depth': 5, 'model__learning_rate': 0.01}",0.7796250248997509,0.0047229251691678084,17,0.7837924585944591,0.8142586754523913,0.003787752234584744,17,0.8187376705962457,0.9611977475498762,0.0011142578924150522,2,0.9661605451408792,0.6734331732739959,0.007658361816535838,17,0.6766449886558261,0.7919621815556988,0.005392145661024147,17,0.7958780341655399,0.8001197066210561,0.002896815496366352,17,0.804415980132784,0.8142586754523913,0.003787752234584744,17,0.8187376705962457,0.778841431826242,0.0046134603997708265,17,0.7830285889984315,0.8761014504035275,0.003462998252760337,18,0.8807304742450077
"{'model__n_estimators': 300, 'model__max_depth': 3, 'model__learning_rate': 0.01}",0.7777238665994984,0.004322467176988713,18,0.7796581940075522,0.8119921113095907,0.0038247226476420195,18,0.8141173195464985,0.958039742133941,0.0023364223044945367,4,0.9605319945766793,0.6726526792995886,0.0060358816492298495,18,0.6740010052365621,0.7903619475526856,0.004694663947789706,18,0.792143871427036,0.7978005914452628,0.003211212282922397,18,0.7998679596833342,0.8119921113095907,0.0038247226476420195,18,0.8141173195464985,0.7769102506367351,0.004255859141913132,18,0.7788581803537167,0.8792414960908511,0.004610405594222844,17,0.8824638813030093
"{'model__n_estimators': 200, 'model__max_depth': 3, 'model__learning_rate': 0.01}",0.7741423587429062,0.0056503798273145524,19,0.7761319360130617,0.8094879187791602,0.004870965804681714,19,0.8115648738588334,0.9591830006499983,0.0022760803910562197,3,0.9613382821492769,0.6657680114623952,0.008127026385318982,19,0.6674888288332876,0.7859635032358759,0.006253068773166849,19,0.7879033417444753,0.7962001236338317,0.003962196519455925,19,0.7981513504062187,0.8094879187791602,0.004870965804681714,19,0.8115648738588334,0.7734460922228757,0.005557342536566356,19,0.7754392062464724,0.8731021864285801,0.0036347199016958033,19,0.8753156794712111
"{'model__n_estimators': 100, 'model__max_depth': 3, 'model__learning_rate': 0.01}",0.7682173224855454,0.004484258751250511,20,0.7700300908029911,0.8054037376883713,0.003513967467265486,20,0.8070667833653291,0.9614196282242713,0.0023391757777656307,1,0.9624455724594181,0.6541984398182686,0.007793361355648742,20,0.6564696817970386,0.7785679454751234,0.005377728168638901,20,0.7805327890377086,0.7937646671084069,0.002566450713189903,20,0.7951605289786967,0.8054037376883713,0.003513967467265486,20,0.8070667833653291,0.7677022073799751,0.004389233037863254,20,0.769499786566483,0.8673092166519829,0.0034634479319352674,20,0.8684022398269395
